-- phpMyAdmin SQL Dump
-- version 5.2.1
-- https://www.phpmyadmin.net/
--
-- Host: 127.0.0.1
-- Generation Time: Feb 29, 2024 at 04:49 AM
-- Server version: 10.4.32-MariaDB
-- PHP Version: 8.2.12

SET SQL_MODE = "NO_AUTO_VALUE_ON_ZERO";
START TRANSACTION;
SET time_zone = "+00:00";


/*!40101 SET @OLD_CHARACTER_SET_CLIENT=@@CHARACTER_SET_CLIENT */;
/*!40101 SET @OLD_CHARACTER_SET_RESULTS=@@CHARACTER_SET_RESULTS */;
/*!40101 SET @OLD_COLLATION_CONNECTION=@@COLLATION_CONNECTION */;
/*!40101 SET NAMES utf8mb4 */;

--
-- Database: `toko_kasir`
--

-- --------------------------------------------------------

--
-- Table structure for table `tbl_jual`
--

CREATE TABLE `tbl_jual` (
  `id_jual` int(11) NOT NULL,
  `no_faktur` varchar(15) DEFAULT NULL,
  `tgl_jual` date DEFAULT NULL,
  `jam` time DEFAULT NULL,
  `grand_total` int(11) DEFAULT NULL,
  `dibayar` int(11) DEFAULT NULL,
  `kembalian` int(11) NOT NULL,
  `id_kasir` int(11) DEFAULT NULL
) ENGINE=InnoDB DEFAULT CHARSET=utf8mb4 COLLATE=utf8mb4_general_ci;

-- --------------------------------------------------------

--
-- Table structure for table `tbl_kategori`
--

CREATE TABLE `tbl_kategori` (
  `id_kategori` int(2) NOT NULL,
  `nama_kategori` varchar(25) DEFAULT NULL
) ENGINE=InnoDB DEFAULT CHARSET=utf8mb4 COLLATE=utf8mb4_general_ci;

--
-- Dumping data for table `tbl_kategori`
--

INSERT INTO `tbl_kategori` (`id_kategori`, `nama_kategori`) VALUES
(1, 'makanan'),
(2, 'minuman'),
(3, 'skincare');

-- --------------------------------------------------------

--
-- Table structure for table `tbl_produk`
--

CREATE TABLE `tbl_produk` (
  `id_produk` int(11) NOT NULL,
  `kode_produk` varchar(25) DEFAULT NULL,
  `nama_produk` varchar(150) DEFAULT NULL,
  `id_kategori` int(11) DEFAULT NULL,
  `id_satuan` int(11) DEFAULT NULL,
  `harga_beli` int(11) DEFAULT NULL,
  `harga_jual` int(11) DEFAULT NULL,
  `stok` int(11) DEFAULT NULL
) ENGINE=InnoDB DEFAULT CHARSET=utf8mb4 COLLATE=utf8mb4_general_ci;

--
-- Dumping data for table `tbl_produk`
--

INSERT INTO `tbl_produk` (`id_produk`, `kode_produk`, `nama_produk`, `id_kategori`, `id_satuan`, `harga_beli`, `harga_jual`, `stok`) VALUES
(1, '11111', 'Yakult', 2, 1, 8000, 12000, 100),
(2, '22222', 'Sari roti', 1, 1, 5000, 7000, 100),
(3, '33333', 'sunscreen', 3, 1, 10000, 15000, 100),
(4, '44444', 'Aqua gelas', 2, 2, 15000, 20000, 100),
(5, '55555', 'keripik kentang BBQ ', 1, 6, 10000, 15000, 100);

-- --------------------------------------------------------

--
-- Table structure for table `tbl_rinci`
--

CREATE TABLE `tbl_rinci` (
  `id_rinci` int(11) NOT NULL,
  `no_faktur` varchar(15) DEFAULT NULL,
  `kode_produk` varchar(25) DEFAULT NULL,
  `harga_jual` int(11) DEFAULT NULL,
  `qty` int(11) DEFAULT NULL,
  `total_harga` int(11) DEFAULT NULL
) ENGINE=InnoDB DEFAULT CHARSET=utf8mb4 COLLATE=utf8mb4_general_ci;

-- --------------------------------------------------------

--
-- Table structure for table `tbl_satuan`
--

CREATE TABLE `tbl_satuan` (
  `id_satuan` int(2) NOT NULL,
  `nama_satuan` varchar(25) DEFAULT NULL
) ENGINE=InnoDB DEFAULT CHARSET=utf8mb4 COLLATE=utf8mb4_general_ci;

--
-- Dumping data for table `tbl_satuan`
--

INSERT INTO `tbl_satuan` (`id_satuan`, `nama_satuan`) VALUES
(1, 'PCS'),
(2, 'BOX'),
(4, 'Lusin'),
(5, 'Buah'),
(6, 'Kg');

-- --------------------------------------------------------

--
-- Table structure for table `tbl_user`
--

CREATE TABLE `tbl_user` (
  `id_user` int(2) NOT NULL,
  `nama_user` varchar(50) NOT NULL,
  `email` varchar(50) NOT NULL,
  `password` varchar(200) NOT NULL,
  `level` int(1) NOT NULL
) ENGINE=InnoDB DEFAULT CHARSET=utf8mb4 COLLATE=utf8mb4_general_ci;

--
-- Dumping data for table `tbl_user`
--

INSERT INTO `tbl_user` (`id_user`, `nama_user`, `email`, `password`, `level`) VALUES
(1, 'Nuri', 'admin@gmail.com', '00001', 1),
(2, 'Fitria', 'kasir@gmail.com', '12345', 2);

--
-- Indexes for dumped tables
--

--
-- Indexes for table `tbl_jual`
--
ALTER TABLE `tbl_jual`
  ADD PRIMARY KEY (`id_jual`);

--
-- Indexes for table `tbl_kategori`
--
ALTER TABLE `tbl_kategori`
  ADD PRIMARY KEY (`id_kategori`);

--
-- Indexes for table `tbl_produk`
--
ALTER TABLE `tbl_produk`
  ADD PRIMARY KEY (`id_produk`),
  ADD UNIQUE KEY `id_kategori` (`id_kategori`,`id_satuan`);

--
-- Indexes for table `tbl_rinci`
--
ALTER TABLE `tbl_rinci`
  ADD PRIMARY KEY (`id_rinci`);

--
-- Indexes for table `tbl_satuan`
--
ALTER TABLE `tbl_satuan`
  ADD PRIMARY KEY (`id_satuan`);

--
-- Indexes for table `tbl_user`
--
ALTER TABLE `tbl_user`
  ADD PRIMARY KEY (`id_user`);

--
-- AUTO_INCREMENT for dumped tables
--

--
-- AUTO_INCREMENT for table `tbl_jual`
--
ALTER TABLE `tbl_jual`
  MODIFY `id_jual` int(11) NOT NULL AUTO_INCREMENT, AUTO_INCREMENT=3;

--
-- AUTO_INCREMENT for table `tbl_kategori`
--
ALTER TABLE `tbl_kategori`
  MODIFY `id_kategori` int(2) NOT NULL AUTO_INCREMENT, AUTO_INCREMENT=12;

--
-- AUTO_INCREMENT for table `tbl_produk`
--
ALTER TABLE `tbl_produk`
  MODIFY `id_produk` int(11) NOT NULL AUTO_INCREMENT, AUTO_INCREMENT=8;

--
-- AUTO_INCREMENT for table `tbl_rinci`
--
ALTER TABLE `tbl_rinci`
  MODIFY `id_rinci` int(11) NOT NULL AUTO_INCREMENT;

--
-- AUTO_INCREMENT for table `tbl_satuan`
--
ALTER TABLE `tbl_satuan`
  MODIFY `id_satuan` int(2) NOT NULL AUTO_INCREMENT, AUTO_INCREMENT=19;

--
-- AUTO_INCREMENT for table `tbl_user`
--
ALTER TABLE `tbl_user`
  MODIFY `id_user` int(2) NOT NULL AUTO_INCREMENT, AUTO_INCREMENT=4;
COMMIT;

/*!40101 SET CHARACTER_SET_CLIENT=@OLD_CHARACTER_SET_CLIENT */;
/*!40101 SET CHARACTER_SET_RESULTS=@OLD_CHARACTER_SET_RESULTS */;
/*!40101 SET COLLATION_CONNECTION=@OLD_COLLATION_CONNECTION */;
